"Status","Start Time","Stop Time","Duration in ms","Parent Suite","Suite","Sub Suite","Test Class","Test Method","Name","Description"
"passed","Mon Oct 21 07:54:24 GMT 2024","Mon Oct 21 07:54:42 GMT 2024","17902","tests","TC24_Download_invoice_after_purchase_test","","","","test_download_invoice_after_purchase_order",""
"passed","Mon Oct 21 07:54:32 GMT 2024","Mon Oct 21 07:54:38 GMT 2024","6176","tests","TC6_Contuct_us_test","","","","test_contact_us_form",""
"passed","Mon Oct 21 07:53:53 GMT 2024","Mon Oct 21 07:54:00 GMT 2024","6826","tests","TC18_View_category_products_test","","","","test_view_category_products",""
"passed","Mon Oct 21 07:54:19 GMT 2024","Mon Oct 21 07:54:24 GMT 2024","4768","tests","TC25_Verify_scroll_test","","","","test_verify_scroll_up_functionality",""
"passed","Mon Oct 21 07:54:05 GMT 2024","Mon Oct 21 07:54:18 GMT 2024","13146","tests","TC20_Search_product_verify_cart_after_login_test","","","","test_search_products_and_verify_cart_after_login",""
"passed","Mon Oct 21 07:54:14 GMT 2024","Mon Oct 21 07:54:24 GMT 2024","9593","tests","TC22_Add_to_cart_from_recommended_test","","","","test_add_recommended_product_to_cart",""
"passed","Mon Oct 21 07:54:12 GMT 2024","Mon Oct 21 07:54:25 GMT 2024","12842","tests","TC23_Verify_address_details_in_checkout_test","","","","test_verify_address_details_in_checkout",""
"passed","Mon Oct 21 07:54:04 GMT 2024","Mon Oct 21 07:54:23 GMT 2024","18700","tests","TC16_Place_order_login_before_checkout_test","","","","test_place_order_login_before_checkout",""
"passed","Mon Oct 21 07:54:01 GMT 2024","Mon Oct 21 07:54:13 GMT 2024","12167","tests","TC1_Register_user_test","","","","test_register_user",""
"passed","Mon Oct 21 07:54:04 GMT 2024","Mon Oct 21 07:54:11 GMT 2024","6628","tests","TC21_Add_review_on_product_test","","","","test_add_review_on_product",""
"passed","Mon Oct 21 07:54:43 GMT 2024","Mon Oct 21 07:54:47 GMT 2024","4579","tests","TC4_Logout_user_test","","","","test_register_user",""
"passed","Mon Oct 21 07:53:56 GMT 2024","Mon Oct 21 07:54:04 GMT 2024","8024","tests","TC19_View_and_cart_brand_products_test","","","","test_view_and_cart_brand_products",""
"passed","Mon Oct 21 07:54:25 GMT 2024","Mon Oct 21 07:54:33 GMT 2024","8486","tests","TC2_Login_user_test","","","","test_register_user",""
"passed","Mon Oct 21 07:54:32 GMT 2024","Mon Oct 21 07:54:37 GMT 2024","5014","tests","TC7_Test_cases_test","","","","test_verify_test_cases_page",""
"passed","Mon Oct 21 07:53:56 GMT 2024","Mon Oct 21 07:54:03 GMT 2024","7059","tests","TC13_Verify_product_quantity_test","","","","test_verify_product_quantity_in_cart",""
"passed","Mon Oct 21 07:54:39 GMT 2024","Mon Oct 21 07:54:43 GMT 2024","3959","tests","TC9_Search_product_test","","","","test_search_product",""
"passed","Mon Oct 21 07:53:50 GMT 2024","Mon Oct 21 07:53:55 GMT 2024","4814","tests","TC11_Verify_subscription_cartpage_test","","","","test_verify_subscription_in_cart_page",""
"passed","Mon Oct 21 07:54:35 GMT 2024","Mon Oct 21 07:54:39 GMT 2024","4354","tests","TC5_Register_existing_email_test","","","","test_register_existing_email",""
"passed","Mon Oct 21 07:54:26 GMT 2024","Mon Oct 21 07:54:31 GMT 2024","5802","tests","TC26_Verify_scroll_to_top_without_arrow_test","","","","test_verify_scroll_up_without_arrow_button",""
"passed","Mon Oct 21 07:53:45 GMT 2024","Mon Oct 21 07:53:52 GMT 2024","6940","tests","TC17_Remove_products_from_cart_test","","","","test_remove_products_from_cart",""
"passed","Mon Oct 21 07:53:45 GMT 2024","Mon Oct 21 07:53:49 GMT 2024","3647","tests","TC10_Verify_subscription_homepage_test","","","","test_verify_subscription_in_home_page",""
"passed","Mon Oct 21 07:54:25 GMT 2024","Mon Oct 21 07:54:31 GMT 2024","6190","tests","TC3_Login_incorrect_user_test","","","","test_register_user",""
"passed","Mon Oct 21 07:54:39 GMT 2024","Mon Oct 21 07:54:43 GMT 2024","4183","tests","TC8_Verify_all_products_test","","","","test_verify_all_products_and_product_detail_page",""
"passed","Mon Oct 21 07:53:45 GMT 2024","Mon Oct 21 07:53:55 GMT 2024","9591","tests","TC12_Add_products_in_cart_test","","","","test_add_products_to_cart",""
"passed","Mon Oct 21 07:53:45 GMT 2024","Mon Oct 21 07:54:03 GMT 2024","18038","tests","TC15_Place_order_register_before_checkout_test","","","","test_place_order_register_before_checkout",""
