"Epic","Feature","Story","FAILED","BROKEN","PASSED","SKIPPED","UNKNOWN"
"","User Registration and Login","TC4_Logout_user_test","0","0","1","0","0"
"","Subscription","TC11_Verify_subscription_cartpage_test","0","0","1","0","0"
"","User Registration and Login","TC3_Login_incorrect_user_test","0","0","1","0","0"
"","Scroll Functionality","TC25_Verify_Scroll_Up_Functionality","0","0","1","0","0"
"","Cart Management","TC22_Add_Recommended_Product_To_Cart_Test","0","0","1","0","0"
"","Subscription","TC10_Verify_subscription_homepage_test","0","0","1","0","0"
"","User Registration and Login","TC2_Login_user_test","0","0","1","0","0"
"","User Registration and Login","TC5_Register_existing_email_test","0","0","1","0","0"
"","Cart Management","TC17_Remove_Products_From_Cart_Test","0","0","1","0","0"
"","Products","TC8_Verify_all_products_test","0","0","1","0","0"
"","Cart Management","TC13_Verify_product_quantity_in_cart_test","0","0","1","0","0"
"","Order Placement","TC16_Place_Order_Login_Before_Checkout","0","0","1","0","0"
"","Cart Management","TC12_Add_products_in_cart_test","0","0","1","0","0"
"","Products","TC19_View_And_Cart_Brand_Products_Test","0","0","1","0","0"
"","Products","TC21_Add_Review_On_Product_Test","0","0","1","0","0"
"","Order Placement","TC24_Download_Invoice_After_Purchase_Order_Test","0","0","1","0","0"
"","Products Search","TC9_Search_product_test","0","0","1","0","0"
"","Scroll Functionality","TC16_Verify_Scroll_Up_Without_Arrow_Button","0","0","1","0","0"
"","Order Placement","TC15_Place_Order_Register_Before_Checkout","0","0","1","0","0"
"","Contact Us Form","TC6_Contact_us_test","0","0","1","0","0"
"","User Registration and Login","TC1_Register_user_test","0","0","1","0","0"
"","Products","TC20_Search_Products_And_Verify_Cart_After_Login","0","0","1","0","0"
"","Checkout Address Verification","TC13_Verify_Address_Details_In_Checkout","0","0","1","0","0"
"","Navigation","TC7_Test_cases_test","0","0","1","0","0"
"","Category Management","TC18_View_Category_Products_Test","0","0","1","0","0"
